{
	"_version": "3.0.0",
	"identification": {
		"id": "909a2e79-03cf-4421-84fe-d4a5167a603d-1594105240644",
		"entityType": "bundle"
	},
	"payload": {
		"catalogs": [{
			"_version": "3.0.0",
			"identification": {
				"id": "defaultCatalogId",
				"title": "{{title}}",
				"entityType": "catalog",
				"i18n": "i18n/defaultCatalogId.properties"
			},
			"payload": {
				"viz": []
			}
		}],
		"groups": [{
			"_version": "3.0.0",
			"identification": {
				"id": "defaultGroupId",
				"title": "{{title}}",
				"entityType": "group",
				"i18n": "i18n/defaultGroupId.properties"
			},
			"payload": {
				"viz": [{
					"id": "com.sap.bpm.monitorworkflow-0-1594105900693",
					"appId": "com.sap.bpm.monitorworkflow",
					"vizId": "bpmworkflowmonitor-DisplayInstances"
				}, {
					"id": "com.sap.bpm.monitorworkflow-1-1594105900693",
					"appId": "com.sap.bpm.monitorworkflow",
					"vizId": "bpmworkflowmonitor-DisplayDefinitions"
				}, {
					"id": "cross.fnd.fiori.inbox-2-1594105900693",
					"appId": "cross.fnd.fiori.inbox",
					"vizId": "WorkflowTask-DisplayMyInbox"
				}]
			}
		}],
		"sites": [{
			"_version": "3.0.0",
			"identification": {
				"id": "d59ef040-652e-437d-8d93-3692c68189e6-1594105240644",
				"entityType": "site",
				"title": "SAP Fiori launchpad site on Cloud Foundry",
				"description": "SAP Fiori launchpad site on Cloud Foundry, deployed from SAP Web IDE"
			},
			"payload": {
				"config": {
					"ushellConfig": {
						"renderers": {
							"fiori2": {
								"componentData": {
									"config": {
										"applications": {
											"Shell-home": {}
										}
									}
								}
							}
						}
					}
				},
				"groupsOrder": ["defaultGroupId"],
				"sap.cloud.portal": {
					"config": {
						"theme.id": "sap_fiori_3",
						"theme.active": ["sap_fiori_3", "sap_fiori_3_dark", "sap_belize_hcb", "sap_belize_hcw"]
					}
				}
			}
		}]
	}
}