{
  "welcomeFile": "/index.html",
  "authenticationMethod": "route",
  "logout": {
    "logoutEndpoint": "/do/logout"
  },
  "routes": [
    {
      "source": "^(.*)$",
      "target": "$1",
      "service": "html5-apps-repo-rt",
      "authenticationType": "xsuaa"
    },
    {
      "source": "^/bpmworkflowruntime/(.*)$",
      "target": "/$1",
      "service": "com.sap.bpm.workflow",
      "endpoint": "https://api.workflow-sap.cfapps.us10.hana.ondemand.com/workflow-service/rest",
      "authenticationType": "xsuaa"
    }
  ]
}